{"cameraMode":{"drawMode":0,"name":"Shaded","section":"Shading Mode"},"sceneLighting":true,"audioPlay":false,"sceneViewState":{"showFog":false,"showMaterialUpdate":false,"showSkybox":false,"showFlares":false,"showImageEffects":false,"showParticleSystems":false},"in2DMode":false,"pivot":{"x":0.173065185546875,"y":0.053818702697753909,"z":-0.20770931243896485},"rotation":{"x":-0.08504252880811691,"y":0.9026752710342407,"z":-0.2097465693950653,"w":-0.36599308252334597},"size":10.0,"orthographic":false}